﻿{"cameraMode":{"drawMode":0,"name":"Shaded","section":"Shading Mode"},"sceneLighting":false,"audioPlay":false,"sceneViewState":{"m_AlwaysRefresh":false,"showFog":true,"showSkybox":false,"showFlares":true,"showImageEffects":true,"showParticleSystems":true,"showVisualEffectGraphs":true,"m_FxEnabled":true},"in2DMode":false,"pivot":{"x":15.734861373901368,"y":-8.804656028747559,"z":-2.9073314666748049},"rotation":{"x":-0.2734556198120117,"y":0.05793249234557152,"z":-0.018244128674268724,"w":-0.9603462815284729},"size":14.600982666015625,"orthographic":false}