﻿{"cameraMode":{"drawMode":0,"name":"Shaded","section":"Shading Mode"},"sceneLighting":false,"audioPlay":false,"sceneViewState":{"m_AlwaysRefresh":false,"showFog":true,"showSkybox":false,"showFlares":true,"showImageEffects":true,"showParticleSystems":true,"showVisualEffectGraphs":true,"m_FxEnabled":true},"in2DMode":false,"pivot":{"x":-1.882575273513794,"y":0.25,"z":-1.429375171661377},"rotation":{"x":-0.49877017736434939,"y":0.004213536158204079,"z":-0.0041126674041152,"w":-0.8670939207077026},"size":1.802687168121338,"orthographic":false}