﻿{"cameraMode":{"drawMode":0,"name":"Shaded","section":"Shading Mode"},"sceneLighting":true,"audioPlay":false,"sceneViewState":{"m_AlwaysRefresh":false,"showFog":true,"showSkybox":true,"showFlares":true,"showImageEffects":true,"showParticleSystems":true,"showVisualEffectGraphs":true,"m_FxEnabled":true},"in2DMode":false,"pivot":{"x":-18.79617691040039,"y":-56.204933166503909,"z":48.13560485839844},"rotation":{"x":0.36348146200180056,"y":-0.024514267221093179,"z":0.010725104250013829,"w":0.9316681623458862},"size":48.96725845336914,"orthographic":false}