﻿{"cameraMode":{"drawMode":0,"name":"Shaded","section":"Shading Mode"},"sceneLighting":false,"audioPlay":false,"sceneViewState":{"m_AlwaysRefresh":false,"showFog":true,"showSkybox":false,"showFlares":true,"showImageEffects":true,"showParticleSystems":true,"showVisualEffectGraphs":true,"m_FxEnabled":true},"in2DMode":false,"pivot":{"x":-21.88257598876953,"y":0.25,"z":-1.429375171661377},"rotation":{"x":-0.41735580563545229,"y":-0.19527748227119447,"z":0.09027305990457535,"w":-0.883319616317749},"size":1.8026872873306275,"orthographic":false}